{"Gfe6z2DhCZDWAr6J6ilj2w==":"logo.png","nclLPEBOP5bM10n8AtJT5A==":"mbr.jpg","mDP+kP4fdnWpfSA7d8LVYQ==":"mbr-1.jpg","6VXZdYW8NJxVchVv/lr8Dw==":"mbr-2.jpg","1L7A3ZLsp58HM80VOde3zA==":"mbr-3.jpg","izeKvWrnfdx8sAwJ8HfsxA==":"mbr-4.jpg","0n8Tlo1tR43EL23/YVhD7A==":"mbr-5.jpg","DURCLHzd4QUfRb3hufu3HQ==":"mbr-6.jpg","Kdd2+Zx0bVr/U2FZex/uyg==":"mbr-7.jpg","bvhb1uAEz11OD+fpSvH3qA==":"mbr-8.jpg","anYlXwJeifBLcNRUdCwZnw==":"12.jpg","Ev7Tr5uFJQo9a9WHc7BHBA==":"13.jpg","kgTIb3FRqU6TAHSoKxuHsQ==":"09.jpg","rmcm4yW8y05xu1npf5LScw==":"mbr-9.jpg","SPej05vNtXWI6CZw5uTdtQ==":"mbr-10.jpg","x6W9YBPg4PIK+yhyqoZ/Fg==":"mbr-11.jpg","S4Wsl4FQBrf4p82t32Ofzw==":"mbr-12.jpg","6NOcrxlXlRLHm2cqOJ7msQ==":"mbr-13.jpg","U7BQVvXHuvfZ9QdAdtKzQw==":"mbr-14.jpg","jjrtZcOGRQUZ4ZVJ1fn1zg==":"mbr-15.jpg","gnm+i6sZCmdGcw0d1MZDMQ==":"mbr.png","Cyb59NT3+4nl3b5AYuoZuQ==":"mbr-16.jpg","CdojVIHkqLDK/+7111ZjKw==":"mbr-17.jpg","g3bVKINPE7HmJLOYxB+EmQ==":"mbr-1.png","hVFrTO+6ymwjG80xSC2IpA==":"mbr-18.jpg","ioLBFB45WBTZSVeTZU/P/A==":"mbr-2.png","yjju46qLK+9dcr2iVGp6DQ==":"mbr-19.jpg","EsUkaObC/d98ibncOPohLw==":"mbr-20.jpg","3gZn5ID5Y1rIcbE8vprNjw==":"mbr-21.jpg","I1arPMAISd3CKpudvvp+Xg==":"mbr-22.jpg","hc0nqvkx5zsRUtCnWNLaFw==":"mbr-23.jpg","Cv+w1lUWG5zMTflshOg8Jg==":"photo-2022-01-03-19-6.jpg","HrrmvDT7lqVsli4VOEq3QA==":"photo-2022-01-04-14-9.jpg","0w0f7w/0iZrG9ilIaxsQ+A==":"photo-2022-01-03-19-7.jpg","N1u+IdYVe49pW+nP/VD6PA==":"2c6c13e2-4e8f-423b-b59f-d2ba2045451c.jpeg","ltq8u6VqYgZi7TsWr9VxMg==":"5b661b8c-83e7-4128-855d-7ca4fb31ca5c.jpeg","2T/r5yaWgwh0rn8zWq1gLA==":"7b9a20c9-b5a1-4072-a878-6efe3c0f7a3a.jpeg","ovyjpKHY5Z3ziq2RBxpSKw==":"7f9f703f-828e-44d4-a6a9-fae60b01a17d.jpeg","lvp2x/W7IVWDTj5KYhoLTQ==":"8fb76ebb-c818-4ad6-b4df-e825f93cd4ba.jpeg","OW5/mzC9FOXogNrOMo7xhA==":"a5a40c9a-850b-46b8-8079-9cc9446123a5.jpeg","RG+9SACmwbcRVdKBtqnMIA==":"national-commission-for-women-ncw-logo-449x269.jpg","iqaa43rIp3uI1xnCu2bMOQ==":"2f608419-f9e9-40d5-a28f-6b5d2250642e.jpeg","+tg9vbfNXeo0YBt4F4/b+Q==":"2c6c13e2-4e8f-423b-b59f-d2ba2045451c-1.jpeg","SRk6nV99qQy3EhBLR8gWEg==":"5b661b8c-83e7-4128-855d-7ca4fb31ca5c-1.jpeg","SgK512pnHZhnNuDI/iwmng==":"7b9a20c9-b5a1-4072-a878-6efe3c0f7a3a-1.jpeg","hcnz2RdNLI9wugYKAHEO9w==":"8fb76ebb-c818-4ad6-b4df-e825f93cd4ba-1.jpeg","j6ZAJfAAa1TaVHh/47L9Rg==":"a5a40c9a-850b-46b8-8079-9cc9446123a5-1.jpeg","ITYMz0Tlmx7KGEgZyTCK9Q==":"national-commission-for-women-ncw-logo-1-449x269.jpg","n2oVXYrE056IR+XypBVP+w==":"2f608419-f9e9-40d5-a28f-6b5d2250642e-1.jpeg"}